/*
SQLyog Ultimate v12.08 (64 bit)
MySQL - 5.0.22-community-nt : Database - research
*********************************************************************
*/

/*!40101 SET NAMES utf8 */;

/*!40101 SET SQL_MODE=''*/;

/*!40014 SET @OLD_UNIQUE_CHECKS=@@UNIQUE_CHECKS, UNIQUE_CHECKS=0 */;
/*!40014 SET @OLD_FOREIGN_KEY_CHECKS=@@FOREIGN_KEY_CHECKS, FOREIGN_KEY_CHECKS=0 */;
/*!40101 SET @OLD_SQL_MODE=@@SQL_MODE, SQL_MODE='NO_AUTO_VALUE_ON_ZERO' */;
/*!40111 SET @OLD_SQL_NOTES=@@SQL_NOTES, SQL_NOTES=0 */;
CREATE DATABASE /*!32312 IF NOT EXISTS*/`research` /*!40100 DEFAULT CHARACTER SET utf8 */;

USE `research`;

/*Table structure for table `answer` */

DROP TABLE IF EXISTS `answer`;

CREATE TABLE `answer` (
  `aw_id` int(11) NOT NULL auto_increment COMMENT '答案ID',
  `aw_content` varchar(100) default NULL COMMENT '答案内容',
  `aw_sc` int(11) default NULL COMMENT '答案分数',
  `pr_id` int(11) default NULL COMMENT '所属题目',
  PRIMARY KEY  (`aw_id`)
) ENGINE=InnoDB DEFAULT CHARSET=utf8;

/*Data for the table `answer` */

insert  into `answer`(`aw_id`,`aw_content`,`aw_sc`,`pr_id`) values (1,'男',2,1),(2,'女',2,1),(3,'非常满意',5,2),(4,'满意',3,2),(5,'不满意',2,2),(6,'偏多',3,3),(7,'刚好',5,3),(8,'偏少',2,3),(9,'偏多',3,4),(10,'刚好',5,4),(11,'偏少',2,4),(12,'非常满意',5,5),(13,'满意',3,5),(14,'不满意',2,5),(15,'麻辣',3,6),(16,'中辣',3,6),(17,'微辣',3,6),(18,'不辣',3,6),(19,'非常满意',5,8),(20,'满意',4,8),(21,'一般',3,8),(22,'差',2,8),(23,'很差',1,8),(24,'非常满意',5,9),(25,'满意',4,9),(26,'一般',3,9),(27,'差',2,9),(28,'很差',1,9),(29,'非常满意',5,10),(30,'满意',4,10),(31,'一般',3,10),(32,'差',2,10),(33,'很差',1,10),(34,'非常满意',5,11),(35,'满意',4,11),(36,'一般',3,11),(37,'差',2,11),(38,'很差',1,11),(39,'非常满意',5,12),(40,'满意',4,12),(41,'一般',3,12),(42,'差',2,12),(43,'很差',1,12),(44,'非常满意',5,13),(45,'满意',4,13),(46,'一般',3,13),(47,'差',2,13),(48,'很差',1,13),(49,'非常满意',5,14),(50,'满意',4,14),(51,'一般',3,14),(52,'差',2,14),(53,'很差',1,14),(54,'非常满意',5,15),(55,'满意',4,15),(56,'一般',3,15),(57,'差',2,15),(58,'很差',1,15),(59,'非常满意',5,16),(60,'满意',4,16),(61,'一般',3,16),(62,'差',2,16),(63,'很差',1,16),(64,'非常满意',5,17),(65,'满意',4,17),(66,'一般',3,17),(67,'差',2,17),(68,'很差',1,17),(69,'非常满意',5,18),(70,'满意',4,18),(71,'一般',3,18),(72,'差',2,18),(73,'很差',1,18),(74,'非常满意',5,19),(75,'满意',4,19),(76,'一般',3,19),(77,'差',2,19),(78,'很差',1,19),(79,'非常满意',5,20),(80,'满意',4,20),(81,'一般',3,20),(82,'差',2,20),(83,'很差',1,20),(84,'非常满意',5,21),(85,'满意',4,21),(86,'一般',3,21),(87,'差',2,21),(88,'很差',1,21),(89,'非常满意',5,22),(90,'满意',4,22),(91,'一般',3,22),(92,'差',2,22),(93,'很差',1,22),(94,'非常满意',5,23),(95,'满意',4,23),(96,'一般',3,23),(97,'差',2,23),(98,'很差',1,23),(99,'非常清楚',10,25),(100,'了解',7,25),(101,'不太清楚',4,25),(102,'完全不清楚',0,25),(103,'非常喜欢 ',10,26),(104,'比较喜欢',7,26),(105,'不太喜欢',4,26),(106,'很不喜欢',0,26),(107,'非常关心 ',10,27),(108,'关心',7,27),(109,'不太关心',4,27),(110,'完全不关心',0,27),(111,'非常明确 ',10,28),(112,'比较明确 ',7,28),(113,'一般',4,28),(114,'不明确',0,28),(115,'经常',10,29),(116,'一般',7,29),(117,'偶尔',4,29),(118,'没有',0,29),(119,'很乐意',10,30),(120,'比较乐意',7,30),(121,'不太乐意',4,30),(122,'不乐意',0,30),(123,'很好',10,31),(124,'比较好',7,31),(125,'一般',4,31),(126,'很差',0,31),(127,'总是',10,32),(128,'经常',7,32),(129,'偶尔',4,32),(130,'很少',0,32),(131,'非常有帮助',10,33),(132,'有帮助',7,33),(133,'一般',4,33),(134,'没有帮助',0,33),(135,'很好',10,34),(136,'比较好',7,34),(137,'一般',4,34),(138,'很差',0,34);

/*Table structure for table `comment` */

DROP TABLE IF EXISTS `comment`;

CREATE TABLE `comment` (
  `c_id` int(11) NOT NULL auto_increment COMMENT '评论ID',
  `c_uuid` varchar(64) default NULL COMMENT '评论业务ID',
  `c_time` timestamp NULL default NULL COMMENT '评论时间',
  `c_people` varchar(20) default NULL COMMENT '评论人',
  `c_count` int(11) default NULL COMMENT '评论人出现的次数',
  `c_module` varchar(10) default NULL COMMENT '评论的模块',
  `c_score` int(11) default NULL COMMENT '当前模块的总得分',
  `cd_people` varchar(20) default NULL COMMENT '被评论人',
  PRIMARY KEY  (`c_id`)
) ENGINE=InnoDB DEFAULT CHARSET=utf8;

/*Data for the table `comment` */

insert  into `comment`(`c_id`,`c_uuid`,`c_time`,`c_people`,`c_count`,`c_module`,`c_score`,`cd_people`) values (1,'d3b3ee19-13cb-4e38-ad68-9152aa768346','2016-12-19 00:00:00','192.168.0.111',1,'餐饮',NULL,NULL),(2,'7f274e97-a9a5-4b29-99a4-3808837f9c1d','2016-12-19 00:00:00','127.0.0.1',1,'餐饮',NULL,NULL),(3,'a877bfcc-d640-4a5c-af69-e2b97a7439c8','2016-12-19 00:00:00','127.0.0.1',1,'餐饮',NULL,NULL),(4,'26537888-24f9-4598-8bef-624163697ab3','2016-12-19 00:00:00','127.0.0.1',1,'餐饮',NULL,NULL),(5,'368b0eef-5fcc-42cc-8949-cf96807b2b35','2016-12-19 00:00:00','127.0.0.1',1,'餐饮',NULL,NULL),(6,'985005d3-2afc-4278-96b8-e8212e9f6eba','2016-12-19 00:00:00','127.0.0.1',1,'餐饮',NULL,NULL),(7,'6a7e6934-5a06-4a77-aec5-8e5ec55525f9','2016-12-19 00:00:00','127.0.0.1',1,'餐饮',NULL,NULL),(8,'2c7b293c-53b7-4436-91bd-f5000d7c495f','2016-12-19 00:00:00','127.0.0.1',1,'餐饮',NULL,NULL),(9,'8921642f-3dcf-41ae-800a-1591761f315c','2016-12-19 00:00:00','127.0.0.1',1,'餐饮',13,NULL),(10,'13d45526-1a5b-4f54-ac5e-3c9444916062','2016-12-19 00:00:00','127.0.0.1',1,'餐饮',25,NULL),(11,'6c62575b-2d99-4636-8ab8-f2051d991e99','2016-12-20 14:22:37','127.0.0.1',1,'餐饮',25,NULL),(12,'7b907e29-fe5e-49dc-bf05-19febe520929','2016-12-20 16:16:09','127.0.0.1',1,'讲师',48,'吴佳峰'),(13,'7b8b5bcf-fd63-4ae3-80c9-2aacbb6ed459','2016-12-20 16:27:42','127.0.0.1',1,'讲师',48,'吴佳峰'),(14,'8e73f9e0-5a36-43b6-8f0b-3bff5db432ac','2016-12-20 16:48:31','127.0.0.1',1,'教务',40,'焦尚姝'),(15,'70015e20-0a3b-4593-b4b6-c30fd6f5a697','2016-12-20 20:09:05','127.0.0.1',1,'讲师',80,'吴文杰'),(16,'8628bc40-58ee-402c-9b2a-d9acf7ea2b9d','2016-12-20 20:09:36','127.0.0.1',1,'教务',73,'焦尚姝'),(17,'9669afd0-b7f2-4b5a-a265-e7dcd97a419c','2016-12-20 20:09:55','127.0.0.1',1,'餐饮',25,NULL),(18,'43999a1f-2021-4e4d-aec2-87150f9e2b03','2016-12-20 20:11:20','192.168.0.123',1,'餐饮',25,NULL),(19,'376848da-bdc9-454b-b988-0cec831cf13b','2016-12-20 20:13:26','127.0.0.1',1,'餐饮',23,NULL);

/*Table structure for table `discuss` */

DROP TABLE IF EXISTS `discuss`;

CREATE TABLE `discuss` (
  `d_id` int(11) NOT NULL auto_increment COMMENT '评论详情Id',
  `c_uuid` varchar(64) default NULL COMMENT '评论的业务id',
  `v_id` int(11) default NULL COMMENT '评论的菜品id',
  `p_id` int(11) default NULL COMMENT '评论的题目ID',
  `d_result` text COMMENT '评论结果',
  `d_score` varchar(50) default NULL COMMENT '得分项',
  PRIMARY KEY  (`d_id`)
) ENGINE=InnoDB DEFAULT CHARSET=utf8;

/*Data for the table `discuss` */

insert  into `discuss`(`d_id`,`c_uuid`,`v_id`,`p_id`,`d_result`,`d_score`) values (1,'d3b3ee19-13cb-4e38-ad68-9152aa768346',NULL,1,'男',NULL),(2,'d3b3ee19-13cb-4e38-ad68-9152aa768346',NULL,2,'满意',NULL),(3,'d3b3ee19-13cb-4e38-ad68-9152aa768346',NULL,3,'刚好',NULL),(4,'d3b3ee19-13cb-4e38-ad68-9152aa768346',NULL,4,'刚好',NULL),(5,'d3b3ee19-13cb-4e38-ad68-9152aa768346',NULL,5,'满意',NULL),(6,'d3b3ee19-13cb-4e38-ad68-9152aa768346',NULL,6,'麻辣',NULL),(7,'d3b3ee19-13cb-4e38-ad68-9152aa768346',NULL,7,'做的很好，暂无意见！',NULL),(8,'7f274e97-a9a5-4b29-99a4-3808837f9c1d',3,NULL,'喜欢吃',NULL),(9,'7f274e97-a9a5-4b29-99a4-3808837f9c1d',4,NULL,'不喜欢吃',NULL),(10,'7f274e97-a9a5-4b29-99a4-3808837f9c1d',5,NULL,'喜欢吃',NULL),(11,'7f274e97-a9a5-4b29-99a4-3808837f9c1d',6,NULL,'不喜欢吃',NULL),(12,'7f274e97-a9a5-4b29-99a4-3808837f9c1d',7,NULL,'不喜欢吃',NULL),(13,'7f274e97-a9a5-4b29-99a4-3808837f9c1d',8,NULL,'喜欢吃',NULL),(14,'7f274e97-a9a5-4b29-99a4-3808837f9c1d',9,NULL,'不喜欢吃',NULL),(15,'7f274e97-a9a5-4b29-99a4-3808837f9c1d',10,NULL,'不喜欢吃',NULL),(16,'7f274e97-a9a5-4b29-99a4-3808837f9c1d',11,NULL,'不喜欢吃',NULL),(17,'7f274e97-a9a5-4b29-99a4-3808837f9c1d',13,NULL,'喜欢吃',NULL),(18,'7f274e97-a9a5-4b29-99a4-3808837f9c1d',14,NULL,'不喜欢吃',NULL),(19,'7f274e97-a9a5-4b29-99a4-3808837f9c1d',15,NULL,'不喜欢吃',NULL),(20,'7f274e97-a9a5-4b29-99a4-3808837f9c1d',16,NULL,'喜欢吃',NULL),(21,'7f274e97-a9a5-4b29-99a4-3808837f9c1d',17,NULL,'不喜欢吃',NULL),(22,'7f274e97-a9a5-4b29-99a4-3808837f9c1d',18,NULL,'喜欢吃',NULL),(23,'7f274e97-a9a5-4b29-99a4-3808837f9c1d',19,NULL,'不喜欢吃',NULL),(24,'7f274e97-a9a5-4b29-99a4-3808837f9c1d',20,NULL,'不喜欢吃',NULL),(25,'7f274e97-a9a5-4b29-99a4-3808837f9c1d',21,NULL,'不喜欢吃',NULL),(26,'7f274e97-a9a5-4b29-99a4-3808837f9c1d',24,NULL,'喜欢吃',NULL),(27,'7f274e97-a9a5-4b29-99a4-3808837f9c1d',25,NULL,'不喜欢吃',NULL),(28,'7f274e97-a9a5-4b29-99a4-3808837f9c1d',26,NULL,'喜欢吃',NULL),(29,'7f274e97-a9a5-4b29-99a4-3808837f9c1d',27,NULL,'不喜欢吃',NULL),(30,'7f274e97-a9a5-4b29-99a4-3808837f9c1d',28,NULL,'不喜欢吃',NULL),(31,'7f274e97-a9a5-4b29-99a4-3808837f9c1d',29,NULL,'喜欢吃',NULL),(32,'7f274e97-a9a5-4b29-99a4-3808837f9c1d',30,NULL,'喜欢吃',NULL),(33,'7f274e97-a9a5-4b29-99a4-3808837f9c1d',31,NULL,'不喜欢吃',NULL),(34,'7f274e97-a9a5-4b29-99a4-3808837f9c1d',32,NULL,'喜欢吃',NULL),(35,'7f274e97-a9a5-4b29-99a4-3808837f9c1d',33,NULL,'不喜欢吃',NULL),(36,'7f274e97-a9a5-4b29-99a4-3808837f9c1d',35,NULL,'喜欢吃',NULL),(37,'7f274e97-a9a5-4b29-99a4-3808837f9c1d',36,NULL,'不喜欢吃',NULL),(38,'7f274e97-a9a5-4b29-99a4-3808837f9c1d',37,NULL,'喜欢吃',NULL),(39,'7f274e97-a9a5-4b29-99a4-3808837f9c1d',38,NULL,'喜欢吃',NULL),(40,'7f274e97-a9a5-4b29-99a4-3808837f9c1d',39,NULL,'喜欢吃',NULL),(41,'7f274e97-a9a5-4b29-99a4-3808837f9c1d',40,NULL,'喜欢吃',NULL),(42,'7f274e97-a9a5-4b29-99a4-3808837f9c1d',41,NULL,'不喜欢吃',NULL),(43,'7f274e97-a9a5-4b29-99a4-3808837f9c1d',42,NULL,'喜欢吃',NULL),(44,'7f274e97-a9a5-4b29-99a4-3808837f9c1d',43,NULL,'喜欢吃',NULL),(45,'7f274e97-a9a5-4b29-99a4-3808837f9c1d',44,NULL,'不喜欢吃',NULL),(46,'7f274e97-a9a5-4b29-99a4-3808837f9c1d',45,NULL,'喜欢吃',NULL),(47,'7f274e97-a9a5-4b29-99a4-3808837f9c1d',NULL,1,'女',NULL),(48,'7f274e97-a9a5-4b29-99a4-3808837f9c1d',NULL,2,'满意',NULL),(49,'7f274e97-a9a5-4b29-99a4-3808837f9c1d',NULL,3,'刚好',NULL),(50,'7f274e97-a9a5-4b29-99a4-3808837f9c1d',NULL,4,'刚好',NULL),(51,'7f274e97-a9a5-4b29-99a4-3808837f9c1d',NULL,5,'满意',NULL),(52,'7f274e97-a9a5-4b29-99a4-3808837f9c1d',NULL,6,'中辣',NULL),(53,'7f274e97-a9a5-4b29-99a4-3808837f9c1d',NULL,7,'做的很好，暂无意见！',NULL),(54,'a877bfcc-d640-4a5c-af69-e2b97a7439c8',NULL,1,'男',NULL),(55,'a877bfcc-d640-4a5c-af69-e2b97a7439c8',NULL,2,'满意',NULL),(56,'a877bfcc-d640-4a5c-af69-e2b97a7439c8',NULL,3,'刚好',NULL),(57,'a877bfcc-d640-4a5c-af69-e2b97a7439c8',NULL,4,'刚好',NULL),(58,'a877bfcc-d640-4a5c-af69-e2b97a7439c8',NULL,5,'满意',NULL),(59,'a877bfcc-d640-4a5c-af69-e2b97a7439c8',NULL,6,'中辣',NULL),(60,'a877bfcc-d640-4a5c-af69-e2b97a7439c8',NULL,7,'做的很好，暂无意见！',NULL),(61,'26537888-24f9-4598-8bef-624163697ab3',3,NULL,'喜欢吃',NULL),(62,'26537888-24f9-4598-8bef-624163697ab3',4,NULL,'不喜欢吃',NULL),(63,'26537888-24f9-4598-8bef-624163697ab3',5,NULL,'喜欢吃',NULL),(64,'26537888-24f9-4598-8bef-624163697ab3',6,NULL,'喜欢吃',NULL),(65,'26537888-24f9-4598-8bef-624163697ab3',7,NULL,'喜欢吃',NULL),(66,'26537888-24f9-4598-8bef-624163697ab3',8,NULL,'喜欢吃',NULL),(67,'26537888-24f9-4598-8bef-624163697ab3',9,NULL,'喜欢吃',NULL),(68,'26537888-24f9-4598-8bef-624163697ab3',10,NULL,'喜欢吃',NULL),(69,'26537888-24f9-4598-8bef-624163697ab3',11,NULL,'喜欢吃',NULL),(70,'26537888-24f9-4598-8bef-624163697ab3',13,NULL,'不喜欢吃',NULL),(71,'26537888-24f9-4598-8bef-624163697ab3',14,NULL,'不喜欢吃',NULL),(72,'26537888-24f9-4598-8bef-624163697ab3',15,NULL,'不喜欢吃',NULL),(73,'26537888-24f9-4598-8bef-624163697ab3',16,NULL,'喜欢吃',NULL),(74,'26537888-24f9-4598-8bef-624163697ab3',17,NULL,'不喜欢吃',NULL),(75,'26537888-24f9-4598-8bef-624163697ab3',18,NULL,'喜欢吃',NULL),(76,'26537888-24f9-4598-8bef-624163697ab3',19,NULL,'不喜欢吃',NULL),(77,'26537888-24f9-4598-8bef-624163697ab3',20,NULL,'不喜欢吃',NULL),(78,'26537888-24f9-4598-8bef-624163697ab3',21,NULL,'不喜欢吃',NULL),(79,'26537888-24f9-4598-8bef-624163697ab3',24,NULL,'不喜欢吃',NULL),(80,'26537888-24f9-4598-8bef-624163697ab3',25,NULL,'不喜欢吃',NULL),(81,'26537888-24f9-4598-8bef-624163697ab3',26,NULL,'不喜欢吃',NULL),(82,'26537888-24f9-4598-8bef-624163697ab3',27,NULL,'不喜欢吃',NULL),(83,'26537888-24f9-4598-8bef-624163697ab3',28,NULL,'不喜欢吃',NULL),(84,'26537888-24f9-4598-8bef-624163697ab3',29,NULL,'不喜欢吃',NULL),(85,'26537888-24f9-4598-8bef-624163697ab3',30,NULL,'不喜欢吃',NULL),(86,'26537888-24f9-4598-8bef-624163697ab3',31,NULL,'不喜欢吃',NULL),(87,'26537888-24f9-4598-8bef-624163697ab3',32,NULL,'不喜欢吃',NULL),(88,'26537888-24f9-4598-8bef-624163697ab3',33,NULL,'不喜欢吃',NULL),(89,'26537888-24f9-4598-8bef-624163697ab3',35,NULL,'不喜欢吃',NULL),(90,'26537888-24f9-4598-8bef-624163697ab3',36,NULL,'不喜欢吃',NULL),(91,'26537888-24f9-4598-8bef-624163697ab3',37,NULL,'不喜欢吃',NULL),(92,'26537888-24f9-4598-8bef-624163697ab3',38,NULL,'不喜欢吃',NULL),(93,'26537888-24f9-4598-8bef-624163697ab3',39,NULL,'喜欢吃',NULL),(94,'26537888-24f9-4598-8bef-624163697ab3',40,NULL,'不喜欢吃',NULL),(95,'26537888-24f9-4598-8bef-624163697ab3',41,NULL,'喜欢吃',NULL),(96,'26537888-24f9-4598-8bef-624163697ab3',42,NULL,'不喜欢吃',NULL),(97,'26537888-24f9-4598-8bef-624163697ab3',43,NULL,'喜欢吃',NULL),(98,'26537888-24f9-4598-8bef-624163697ab3',44,NULL,'不喜欢吃',NULL),(99,'26537888-24f9-4598-8bef-624163697ab3',45,NULL,'不喜欢吃',NULL),(100,'26537888-24f9-4598-8bef-624163697ab3',NULL,1,'男',NULL),(101,'26537888-24f9-4598-8bef-624163697ab3',NULL,2,'满意',NULL),(102,'26537888-24f9-4598-8bef-624163697ab3',NULL,3,'刚好',NULL),(103,'26537888-24f9-4598-8bef-624163697ab3',NULL,4,'刚好',NULL),(104,'26537888-24f9-4598-8bef-624163697ab3',NULL,5,'满意',NULL),(105,'26537888-24f9-4598-8bef-624163697ab3',NULL,6,'中辣',NULL),(106,'26537888-24f9-4598-8bef-624163697ab3',NULL,7,'做的很好，暂无意见！',NULL),(107,'368b0eef-5fcc-42cc-8949-cf96807b2b35',3,NULL,'喜欢吃',NULL),(108,'368b0eef-5fcc-42cc-8949-cf96807b2b35',4,NULL,'喜欢吃',NULL),(109,'368b0eef-5fcc-42cc-8949-cf96807b2b35',5,NULL,'喜欢吃',NULL),(110,'368b0eef-5fcc-42cc-8949-cf96807b2b35',6,NULL,'喜欢吃',NULL),(111,'368b0eef-5fcc-42cc-8949-cf96807b2b35',7,NULL,'喜欢吃',NULL),(112,'368b0eef-5fcc-42cc-8949-cf96807b2b35',8,NULL,'喜欢吃',NULL),(113,'368b0eef-5fcc-42cc-8949-cf96807b2b35',9,NULL,'喜欢吃',NULL),(114,'368b0eef-5fcc-42cc-8949-cf96807b2b35',10,NULL,'喜欢吃',NULL),(115,'368b0eef-5fcc-42cc-8949-cf96807b2b35',11,NULL,'喜欢吃',NULL),(116,'368b0eef-5fcc-42cc-8949-cf96807b2b35',13,NULL,'不喜欢吃',NULL),(117,'368b0eef-5fcc-42cc-8949-cf96807b2b35',14,NULL,'喜欢吃',NULL),(118,'368b0eef-5fcc-42cc-8949-cf96807b2b35',15,NULL,'喜欢吃',NULL),(119,'368b0eef-5fcc-42cc-8949-cf96807b2b35',16,NULL,'喜欢吃',NULL),(120,'368b0eef-5fcc-42cc-8949-cf96807b2b35',17,NULL,'喜欢吃',NULL),(121,'368b0eef-5fcc-42cc-8949-cf96807b2b35',18,NULL,'喜欢吃',NULL),(122,'368b0eef-5fcc-42cc-8949-cf96807b2b35',19,NULL,'不喜欢吃',NULL),(123,'368b0eef-5fcc-42cc-8949-cf96807b2b35',20,NULL,'喜欢吃',NULL),(124,'368b0eef-5fcc-42cc-8949-cf96807b2b35',21,NULL,'喜欢吃',NULL),(125,'368b0eef-5fcc-42cc-8949-cf96807b2b35',24,NULL,'喜欢吃',NULL),(126,'368b0eef-5fcc-42cc-8949-cf96807b2b35',25,NULL,'喜欢吃',NULL),(127,'368b0eef-5fcc-42cc-8949-cf96807b2b35',26,NULL,'喜欢吃',NULL),(128,'368b0eef-5fcc-42cc-8949-cf96807b2b35',27,NULL,'喜欢吃',NULL),(129,'368b0eef-5fcc-42cc-8949-cf96807b2b35',28,NULL,'不喜欢吃',NULL),(130,'368b0eef-5fcc-42cc-8949-cf96807b2b35',29,NULL,'不喜欢吃',NULL),(131,'368b0eef-5fcc-42cc-8949-cf96807b2b35',30,NULL,'不喜欢吃',NULL),(132,'368b0eef-5fcc-42cc-8949-cf96807b2b35',31,NULL,'不喜欢吃',NULL),(133,'368b0eef-5fcc-42cc-8949-cf96807b2b35',32,NULL,'不喜欢吃',NULL),(134,'368b0eef-5fcc-42cc-8949-cf96807b2b35',33,NULL,'不喜欢吃',NULL),(135,'368b0eef-5fcc-42cc-8949-cf96807b2b35',35,NULL,'喜欢吃',NULL),(136,'368b0eef-5fcc-42cc-8949-cf96807b2b35',36,NULL,'不喜欢吃',NULL),(137,'368b0eef-5fcc-42cc-8949-cf96807b2b35',37,NULL,'不喜欢吃',NULL),(138,'368b0eef-5fcc-42cc-8949-cf96807b2b35',38,NULL,'喜欢吃',NULL),(139,'368b0eef-5fcc-42cc-8949-cf96807b2b35',39,NULL,'不喜欢吃',NULL),(140,'368b0eef-5fcc-42cc-8949-cf96807b2b35',40,NULL,'不喜欢吃',NULL),(141,'368b0eef-5fcc-42cc-8949-cf96807b2b35',41,NULL,'不喜欢吃',NULL),(142,'368b0eef-5fcc-42cc-8949-cf96807b2b35',42,NULL,'喜欢吃',NULL),(143,'368b0eef-5fcc-42cc-8949-cf96807b2b35',43,NULL,'不喜欢吃',NULL),(144,'368b0eef-5fcc-42cc-8949-cf96807b2b35',44,NULL,'喜欢吃',NULL),(145,'368b0eef-5fcc-42cc-8949-cf96807b2b35',45,NULL,'不喜欢吃',NULL),(146,'368b0eef-5fcc-42cc-8949-cf96807b2b35',NULL,1,'男',NULL),(147,'368b0eef-5fcc-42cc-8949-cf96807b2b35',NULL,2,'满意',NULL),(148,'368b0eef-5fcc-42cc-8949-cf96807b2b35',NULL,3,'刚好',NULL),(149,'368b0eef-5fcc-42cc-8949-cf96807b2b35',NULL,4,'偏少',NULL),(150,'368b0eef-5fcc-42cc-8949-cf96807b2b35',NULL,5,'满意',NULL),(151,'368b0eef-5fcc-42cc-8949-cf96807b2b35',NULL,6,'不辣',NULL),(152,'368b0eef-5fcc-42cc-8949-cf96807b2b35',NULL,7,'做的很好，暂无意见！',NULL),(153,'985005d3-2afc-4278-96b8-e8212e9f6eba',NULL,1,'女',NULL),(154,'985005d3-2afc-4278-96b8-e8212e9f6eba',NULL,2,'满意',NULL),(155,'985005d3-2afc-4278-96b8-e8212e9f6eba',NULL,3,'刚好',NULL),(156,'985005d3-2afc-4278-96b8-e8212e9f6eba',NULL,4,'刚好',NULL),(157,'985005d3-2afc-4278-96b8-e8212e9f6eba',NULL,5,'满意',NULL),(158,'985005d3-2afc-4278-96b8-e8212e9f6eba',NULL,6,'中辣',NULL),(159,'985005d3-2afc-4278-96b8-e8212e9f6eba',NULL,7,'做的很好，暂无意见！',NULL),(160,'6a7e6934-5a06-4a77-aec5-8e5ec55525f9',NULL,1,'男',NULL),(161,'6a7e6934-5a06-4a77-aec5-8e5ec55525f9',NULL,2,'满意',NULL),(162,'6a7e6934-5a06-4a77-aec5-8e5ec55525f9',NULL,3,'刚好',NULL),(163,'6a7e6934-5a06-4a77-aec5-8e5ec55525f9',NULL,4,'刚好',NULL),(164,'6a7e6934-5a06-4a77-aec5-8e5ec55525f9',NULL,5,'不满意',NULL),(165,'6a7e6934-5a06-4a77-aec5-8e5ec55525f9',NULL,6,'中辣',NULL),(166,'6a7e6934-5a06-4a77-aec5-8e5ec55525f9',NULL,7,'做的很好，暂无意见！',NULL),(167,'2c7b293c-53b7-4436-91bd-f5000d7c495f',NULL,1,'男',NULL),(168,'2c7b293c-53b7-4436-91bd-f5000d7c495f',NULL,2,'非常满意',NULL),(169,'2c7b293c-53b7-4436-91bd-f5000d7c495f',NULL,3,'刚好',NULL),(170,'2c7b293c-53b7-4436-91bd-f5000d7c495f',NULL,4,'刚好',NULL),(171,'2c7b293c-53b7-4436-91bd-f5000d7c495f',NULL,5,'非常满意',NULL),(172,'2c7b293c-53b7-4436-91bd-f5000d7c495f',NULL,6,'中辣',NULL),(173,'2c7b293c-53b7-4436-91bd-f5000d7c495f',NULL,7,'做的很好，暂无意见！',NULL),(174,'8921642f-3dcf-41ae-800a-1591761f315c',NULL,1,'女','2'),(175,'8921642f-3dcf-41ae-800a-1591761f315c',NULL,2,'不满意','2'),(176,'8921642f-3dcf-41ae-800a-1591761f315c',NULL,3,'偏少','2'),(177,'8921642f-3dcf-41ae-800a-1591761f315c',NULL,4,'偏少','2'),(178,'8921642f-3dcf-41ae-800a-1591761f315c',NULL,5,'不满意','2'),(179,'8921642f-3dcf-41ae-800a-1591761f315c',NULL,6,'不辣','3'),(180,'8921642f-3dcf-41ae-800a-1591761f315c',NULL,7,'做的很好，暂无意见！','意见反馈题，请根据实际反馈评分'),(181,'13d45526-1a5b-4f54-ac5e-3c9444916062',NULL,1,'男','2'),(182,'13d45526-1a5b-4f54-ac5e-3c9444916062',NULL,2,'非常满意','5'),(183,'13d45526-1a5b-4f54-ac5e-3c9444916062',NULL,3,'刚好','5'),(184,'13d45526-1a5b-4f54-ac5e-3c9444916062',NULL,4,'刚好','5'),(185,'13d45526-1a5b-4f54-ac5e-3c9444916062',NULL,5,'非常满意','5'),(186,'13d45526-1a5b-4f54-ac5e-3c9444916062',NULL,6,'微辣','3'),(187,'13d45526-1a5b-4f54-ac5e-3c9444916062',NULL,7,'做的很好，暂无意见！','意见反馈题，请根据实际反馈评分'),(188,'6c62575b-2d99-4636-8ab8-f2051d991e99',3,NULL,'喜欢吃','意见反馈题，请根据实际反馈评分'),(189,'6c62575b-2d99-4636-8ab8-f2051d991e99',4,NULL,'不喜欢吃','意见反馈题，请根据实际反馈评分'),(190,'6c62575b-2d99-4636-8ab8-f2051d991e99',5,NULL,'不喜欢吃','意见反馈题，请根据实际反馈评分'),(191,'6c62575b-2d99-4636-8ab8-f2051d991e99',6,NULL,'喜欢吃','意见反馈题，请根据实际反馈评分'),(192,'6c62575b-2d99-4636-8ab8-f2051d991e99',7,NULL,'不喜欢吃','意见反馈题，请根据实际反馈评分'),(193,'6c62575b-2d99-4636-8ab8-f2051d991e99',8,NULL,'不喜欢吃','意见反馈题，请根据实际反馈评分'),(194,'6c62575b-2d99-4636-8ab8-f2051d991e99',9,NULL,'喜欢吃','意见反馈题，请根据实际反馈评分'),(195,'6c62575b-2d99-4636-8ab8-f2051d991e99',10,NULL,'喜欢吃','意见反馈题，请根据实际反馈评分'),(196,'6c62575b-2d99-4636-8ab8-f2051d991e99',11,NULL,'喜欢吃','意见反馈题，请根据实际反馈评分'),(197,'6c62575b-2d99-4636-8ab8-f2051d991e99',13,NULL,'不喜欢吃','意见反馈题，请根据实际反馈评分'),(198,'6c62575b-2d99-4636-8ab8-f2051d991e99',14,NULL,'不喜欢吃','意见反馈题，请根据实际反馈评分'),(199,'6c62575b-2d99-4636-8ab8-f2051d991e99',15,NULL,'喜欢吃','意见反馈题，请根据实际反馈评分'),(200,'6c62575b-2d99-4636-8ab8-f2051d991e99',16,NULL,'喜欢吃','意见反馈题，请根据实际反馈评分'),(201,'6c62575b-2d99-4636-8ab8-f2051d991e99',17,NULL,'喜欢吃','意见反馈题，请根据实际反馈评分'),(202,'6c62575b-2d99-4636-8ab8-f2051d991e99',18,NULL,'不喜欢吃','意见反馈题，请根据实际反馈评分'),(203,'6c62575b-2d99-4636-8ab8-f2051d991e99',19,NULL,'不喜欢吃','意见反馈题，请根据实际反馈评分'),(204,'6c62575b-2d99-4636-8ab8-f2051d991e99',20,NULL,'不喜欢吃','意见反馈题，请根据实际反馈评分'),(205,'6c62575b-2d99-4636-8ab8-f2051d991e99',21,NULL,'不喜欢吃','意见反馈题，请根据实际反馈评分'),(206,'6c62575b-2d99-4636-8ab8-f2051d991e99',24,NULL,'喜欢吃','意见反馈题，请根据实际反馈评分'),(207,'6c62575b-2d99-4636-8ab8-f2051d991e99',25,NULL,'喜欢吃','意见反馈题，请根据实际反馈评分'),(208,'6c62575b-2d99-4636-8ab8-f2051d991e99',26,NULL,'喜欢吃','意见反馈题，请根据实际反馈评分'),(209,'6c62575b-2d99-4636-8ab8-f2051d991e99',27,NULL,'不喜欢吃','意见反馈题，请根据实际反馈评分'),(210,'6c62575b-2d99-4636-8ab8-f2051d991e99',28,NULL,'不喜欢吃','意见反馈题，请根据实际反馈评分'),(211,'6c62575b-2d99-4636-8ab8-f2051d991e99',29,NULL,'不喜欢吃','意见反馈题，请根据实际反馈评分'),(212,'6c62575b-2d99-4636-8ab8-f2051d991e99',30,NULL,'不喜欢吃','意见反馈题，请根据实际反馈评分'),(213,'6c62575b-2d99-4636-8ab8-f2051d991e99',31,NULL,'不喜欢吃','意见反馈题，请根据实际反馈评分'),(214,'6c62575b-2d99-4636-8ab8-f2051d991e99',32,NULL,'不喜欢吃','意见反馈题，请根据实际反馈评分'),(215,'6c62575b-2d99-4636-8ab8-f2051d991e99',33,NULL,'不喜欢吃','意见反馈题，请根据实际反馈评分'),(216,'6c62575b-2d99-4636-8ab8-f2051d991e99',35,NULL,'不喜欢吃','意见反馈题，请根据实际反馈评分'),(217,'6c62575b-2d99-4636-8ab8-f2051d991e99',36,NULL,'不喜欢吃','意见反馈题，请根据实际反馈评分'),(218,'6c62575b-2d99-4636-8ab8-f2051d991e99',37,NULL,'不喜欢吃','意见反馈题，请根据实际反馈评分'),(219,'6c62575b-2d99-4636-8ab8-f2051d991e99',38,NULL,'喜欢吃','意见反馈题，请根据实际反馈评分'),(220,'6c62575b-2d99-4636-8ab8-f2051d991e99',39,NULL,'不喜欢吃','意见反馈题，请根据实际反馈评分'),(221,'6c62575b-2d99-4636-8ab8-f2051d991e99',40,NULL,'不喜欢吃','意见反馈题，请根据实际反馈评分'),(222,'6c62575b-2d99-4636-8ab8-f2051d991e99',41,NULL,'不喜欢吃','意见反馈题，请根据实际反馈评分'),(223,'6c62575b-2d99-4636-8ab8-f2051d991e99',42,NULL,'喜欢吃','意见反馈题，请根据实际反馈评分'),(224,'6c62575b-2d99-4636-8ab8-f2051d991e99',43,NULL,'不喜欢吃','意见反馈题，请根据实际反馈评分'),(225,'6c62575b-2d99-4636-8ab8-f2051d991e99',44,NULL,'喜欢吃','意见反馈题，请根据实际反馈评分'),(226,'6c62575b-2d99-4636-8ab8-f2051d991e99',45,NULL,'不喜欢吃','意见反馈题，请根据实际反馈评分'),(227,'6c62575b-2d99-4636-8ab8-f2051d991e99',NULL,1,'男','2'),(228,'6c62575b-2d99-4636-8ab8-f2051d991e99',NULL,2,'非常满意','5'),(229,'6c62575b-2d99-4636-8ab8-f2051d991e99',NULL,3,'刚好','5'),(230,'6c62575b-2d99-4636-8ab8-f2051d991e99',NULL,4,'刚好','5'),(231,'6c62575b-2d99-4636-8ab8-f2051d991e99',NULL,5,'非常满意','5'),(232,'6c62575b-2d99-4636-8ab8-f2051d991e99',NULL,6,'中辣','3'),(233,'6c62575b-2d99-4636-8ab8-f2051d991e99',NULL,7,'做的很好，暂无意见！','意见反馈题，请根据实际反馈评分'),(234,'7b907e29-fe5e-49dc-bf05-19febe520929',NULL,8,'一般','3'),(235,'7b907e29-fe5e-49dc-bf05-19febe520929',NULL,9,'一般','3'),(236,'7b907e29-fe5e-49dc-bf05-19febe520929',NULL,10,'一般','3'),(237,'7b907e29-fe5e-49dc-bf05-19febe520929',NULL,11,'一般','3'),(238,'7b907e29-fe5e-49dc-bf05-19febe520929',NULL,12,'一般','3'),(239,'7b907e29-fe5e-49dc-bf05-19febe520929',NULL,13,'一般','3'),(240,'7b907e29-fe5e-49dc-bf05-19febe520929',NULL,14,'一般','3'),(241,'7b907e29-fe5e-49dc-bf05-19febe520929',NULL,15,'一般','3'),(242,'7b907e29-fe5e-49dc-bf05-19febe520929',NULL,16,'一般','3'),(243,'7b907e29-fe5e-49dc-bf05-19febe520929',NULL,17,'一般','3'),(244,'7b907e29-fe5e-49dc-bf05-19febe520929',NULL,18,'一般','3'),(245,'7b907e29-fe5e-49dc-bf05-19febe520929',NULL,19,'一般','3'),(246,'7b907e29-fe5e-49dc-bf05-19febe520929',NULL,20,'一般','3'),(247,'7b907e29-fe5e-49dc-bf05-19febe520929',NULL,21,'一般','3'),(248,'7b907e29-fe5e-49dc-bf05-19febe520929',NULL,22,'一般','3'),(249,'7b907e29-fe5e-49dc-bf05-19febe520929',NULL,23,'一般','3'),(250,'7b907e29-fe5e-49dc-bf05-19febe520929',NULL,24,'做的很好，暂无意见！','意见反馈题，请根据实际反馈评分'),(251,'7b8b5bcf-fd63-4ae3-80c9-2aacbb6ed459',NULL,8,'一般','3'),(252,'7b8b5bcf-fd63-4ae3-80c9-2aacbb6ed459',NULL,9,'一般','3'),(253,'7b8b5bcf-fd63-4ae3-80c9-2aacbb6ed459',NULL,10,'一般','3'),(254,'7b8b5bcf-fd63-4ae3-80c9-2aacbb6ed459',NULL,11,'一般','3'),(255,'7b8b5bcf-fd63-4ae3-80c9-2aacbb6ed459',NULL,12,'一般','3'),(256,'7b8b5bcf-fd63-4ae3-80c9-2aacbb6ed459',NULL,13,'一般','3'),(257,'7b8b5bcf-fd63-4ae3-80c9-2aacbb6ed459',NULL,14,'一般','3'),(258,'7b8b5bcf-fd63-4ae3-80c9-2aacbb6ed459',NULL,15,'一般','3'),(259,'7b8b5bcf-fd63-4ae3-80c9-2aacbb6ed459',NULL,16,'一般','3'),(260,'7b8b5bcf-fd63-4ae3-80c9-2aacbb6ed459',NULL,17,'一般','3'),(261,'7b8b5bcf-fd63-4ae3-80c9-2aacbb6ed459',NULL,18,'一般','3'),(262,'7b8b5bcf-fd63-4ae3-80c9-2aacbb6ed459',NULL,19,'一般','3'),(263,'7b8b5bcf-fd63-4ae3-80c9-2aacbb6ed459',NULL,20,'一般','3'),(264,'7b8b5bcf-fd63-4ae3-80c9-2aacbb6ed459',NULL,21,'一般','3'),(265,'7b8b5bcf-fd63-4ae3-80c9-2aacbb6ed459',NULL,22,'一般','3'),(266,'7b8b5bcf-fd63-4ae3-80c9-2aacbb6ed459',NULL,23,'一般','3'),(267,'7b8b5bcf-fd63-4ae3-80c9-2aacbb6ed459',NULL,24,'做的很好，暂无意见！','意见反馈题，请根据实际反馈评分'),(268,'8e73f9e0-5a36-43b6-8f0b-3bff5db432ac',NULL,25,'不太清楚','4'),(269,'8e73f9e0-5a36-43b6-8f0b-3bff5db432ac',NULL,26,'不太喜欢','4'),(270,'8e73f9e0-5a36-43b6-8f0b-3bff5db432ac',NULL,27,'不太关心','4'),(271,'8e73f9e0-5a36-43b6-8f0b-3bff5db432ac',NULL,28,'一般','4'),(272,'8e73f9e0-5a36-43b6-8f0b-3bff5db432ac',NULL,29,'偶尔','4'),(273,'8e73f9e0-5a36-43b6-8f0b-3bff5db432ac',NULL,30,'不太乐意','4'),(274,'8e73f9e0-5a36-43b6-8f0b-3bff5db432ac',NULL,31,'一般','4'),(275,'8e73f9e0-5a36-43b6-8f0b-3bff5db432ac',NULL,32,'偶尔','4'),(276,'8e73f9e0-5a36-43b6-8f0b-3bff5db432ac',NULL,33,'一般','4'),(277,'8e73f9e0-5a36-43b6-8f0b-3bff5db432ac',NULL,34,'一般','4'),(278,'70015e20-0a3b-4593-b4b6-c30fd6f5a697',NULL,8,'非常满意','5'),(279,'70015e20-0a3b-4593-b4b6-c30fd6f5a697',NULL,9,'非常满意','5'),(280,'70015e20-0a3b-4593-b4b6-c30fd6f5a697',NULL,10,'非常满意','5'),(281,'70015e20-0a3b-4593-b4b6-c30fd6f5a697',NULL,11,'非常满意','5'),(282,'70015e20-0a3b-4593-b4b6-c30fd6f5a697',NULL,12,'非常满意','5'),(283,'70015e20-0a3b-4593-b4b6-c30fd6f5a697',NULL,13,'非常满意','5'),(284,'70015e20-0a3b-4593-b4b6-c30fd6f5a697',NULL,14,'非常满意','5'),(285,'70015e20-0a3b-4593-b4b6-c30fd6f5a697',NULL,15,'非常满意','5'),(286,'70015e20-0a3b-4593-b4b6-c30fd6f5a697',NULL,16,'非常满意','5'),(287,'70015e20-0a3b-4593-b4b6-c30fd6f5a697',NULL,17,'非常满意','5'),(288,'70015e20-0a3b-4593-b4b6-c30fd6f5a697',NULL,18,'非常满意','5'),(289,'70015e20-0a3b-4593-b4b6-c30fd6f5a697',NULL,19,'非常满意','5'),(290,'70015e20-0a3b-4593-b4b6-c30fd6f5a697',NULL,20,'非常满意','5'),(291,'70015e20-0a3b-4593-b4b6-c30fd6f5a697',NULL,21,'非常满意','5'),(292,'70015e20-0a3b-4593-b4b6-c30fd6f5a697',NULL,22,'非常满意','5'),(293,'70015e20-0a3b-4593-b4b6-c30fd6f5a697',NULL,23,'非常满意','5'),(294,'70015e20-0a3b-4593-b4b6-c30fd6f5a697',NULL,24,'做的很好，暂无意见！','意见反馈题，请根据实际反馈评分'),(295,'8628bc40-58ee-402c-9b2a-d9acf7ea2b9d',NULL,25,'非常清楚','10'),(296,'8628bc40-58ee-402c-9b2a-d9acf7ea2b9d',NULL,26,'比较喜欢','7'),(297,'8628bc40-58ee-402c-9b2a-d9acf7ea2b9d',NULL,27,'关心','7'),(298,'8628bc40-58ee-402c-9b2a-d9acf7ea2b9d',NULL,28,'比较明确 ','7'),(299,'8628bc40-58ee-402c-9b2a-d9acf7ea2b9d',NULL,29,'一般','7'),(300,'8628bc40-58ee-402c-9b2a-d9acf7ea2b9d',NULL,30,'比较乐意','7'),(301,'8628bc40-58ee-402c-9b2a-d9acf7ea2b9d',NULL,31,'比较好','7'),(302,'8628bc40-58ee-402c-9b2a-d9acf7ea2b9d',NULL,32,'经常','7'),(303,'8628bc40-58ee-402c-9b2a-d9acf7ea2b9d',NULL,33,'有帮助','7'),(304,'8628bc40-58ee-402c-9b2a-d9acf7ea2b9d',NULL,34,'比较好','7'),(305,'9669afd0-b7f2-4b5a-a265-e7dcd97a419c',NULL,1,'女','2'),(306,'9669afd0-b7f2-4b5a-a265-e7dcd97a419c',NULL,2,'非常满意','5'),(307,'9669afd0-b7f2-4b5a-a265-e7dcd97a419c',NULL,3,'刚好','5'),(308,'9669afd0-b7f2-4b5a-a265-e7dcd97a419c',NULL,4,'刚好','5'),(309,'9669afd0-b7f2-4b5a-a265-e7dcd97a419c',NULL,5,'非常满意','5'),(310,'9669afd0-b7f2-4b5a-a265-e7dcd97a419c',NULL,6,'中辣','3'),(311,'9669afd0-b7f2-4b5a-a265-e7dcd97a419c',NULL,7,'做的很好，暂无意见！','意见反馈题，请根据实际反馈评分'),(312,'43999a1f-2021-4e4d-aec2-87150f9e2b03',3,NULL,'喜欢吃','意见反馈题，请根据实际反馈评分'),(313,'43999a1f-2021-4e4d-aec2-87150f9e2b03',4,NULL,'不喜欢吃','意见反馈题，请根据实际反馈评分'),(314,'43999a1f-2021-4e4d-aec2-87150f9e2b03',5,NULL,'不喜欢吃','意见反馈题，请根据实际反馈评分'),(315,'43999a1f-2021-4e4d-aec2-87150f9e2b03',6,NULL,'不喜欢吃','意见反馈题，请根据实际反馈评分'),(316,'43999a1f-2021-4e4d-aec2-87150f9e2b03',7,NULL,'不喜欢吃','意见反馈题，请根据实际反馈评分'),(317,'43999a1f-2021-4e4d-aec2-87150f9e2b03',8,NULL,'喜欢吃','意见反馈题，请根据实际反馈评分'),(318,'43999a1f-2021-4e4d-aec2-87150f9e2b03',9,NULL,'不喜欢吃','意见反馈题，请根据实际反馈评分'),(319,'43999a1f-2021-4e4d-aec2-87150f9e2b03',10,NULL,'不喜欢吃','意见反馈题，请根据实际反馈评分'),(320,'43999a1f-2021-4e4d-aec2-87150f9e2b03',11,NULL,'不喜欢吃','意见反馈题，请根据实际反馈评分'),(321,'43999a1f-2021-4e4d-aec2-87150f9e2b03',13,NULL,'喜欢吃','意见反馈题，请根据实际反馈评分'),(322,'43999a1f-2021-4e4d-aec2-87150f9e2b03',14,NULL,'喜欢吃','意见反馈题，请根据实际反馈评分'),(323,'43999a1f-2021-4e4d-aec2-87150f9e2b03',15,NULL,'不喜欢吃','意见反馈题，请根据实际反馈评分'),(324,'43999a1f-2021-4e4d-aec2-87150f9e2b03',16,NULL,'不喜欢吃','意见反馈题，请根据实际反馈评分'),(325,'43999a1f-2021-4e4d-aec2-87150f9e2b03',17,NULL,'喜欢吃','意见反馈题，请根据实际反馈评分'),(326,'43999a1f-2021-4e4d-aec2-87150f9e2b03',18,NULL,'不喜欢吃','意见反馈题，请根据实际反馈评分'),(327,'43999a1f-2021-4e4d-aec2-87150f9e2b03',19,NULL,'不喜欢吃','意见反馈题，请根据实际反馈评分'),(328,'43999a1f-2021-4e4d-aec2-87150f9e2b03',20,NULL,'不喜欢吃','意见反馈题，请根据实际反馈评分'),(329,'43999a1f-2021-4e4d-aec2-87150f9e2b03',21,NULL,'不喜欢吃','意见反馈题，请根据实际反馈评分'),(330,'43999a1f-2021-4e4d-aec2-87150f9e2b03',24,NULL,'喜欢吃','意见反馈题，请根据实际反馈评分'),(331,'43999a1f-2021-4e4d-aec2-87150f9e2b03',25,NULL,'喜欢吃','意见反馈题，请根据实际反馈评分'),(332,'43999a1f-2021-4e4d-aec2-87150f9e2b03',26,NULL,'喜欢吃','意见反馈题，请根据实际反馈评分'),(333,'43999a1f-2021-4e4d-aec2-87150f9e2b03',27,NULL,'不喜欢吃','意见反馈题，请根据实际反馈评分'),(334,'43999a1f-2021-4e4d-aec2-87150f9e2b03',28,NULL,'不喜欢吃','意见反馈题，请根据实际反馈评分'),(335,'43999a1f-2021-4e4d-aec2-87150f9e2b03',29,NULL,'喜欢吃','意见反馈题，请根据实际反馈评分'),(336,'43999a1f-2021-4e4d-aec2-87150f9e2b03',30,NULL,'喜欢吃','意见反馈题，请根据实际反馈评分'),(337,'43999a1f-2021-4e4d-aec2-87150f9e2b03',31,NULL,'不喜欢吃','意见反馈题，请根据实际反馈评分'),(338,'43999a1f-2021-4e4d-aec2-87150f9e2b03',32,NULL,'不喜欢吃','意见反馈题，请根据实际反馈评分'),(339,'43999a1f-2021-4e4d-aec2-87150f9e2b03',33,NULL,'不喜欢吃','意见反馈题，请根据实际反馈评分'),(340,'43999a1f-2021-4e4d-aec2-87150f9e2b03',35,NULL,'喜欢吃','意见反馈题，请根据实际反馈评分'),(341,'43999a1f-2021-4e4d-aec2-87150f9e2b03',36,NULL,'不喜欢吃','意见反馈题，请根据实际反馈评分'),(342,'43999a1f-2021-4e4d-aec2-87150f9e2b03',37,NULL,'喜欢吃','意见反馈题，请根据实际反馈评分'),(343,'43999a1f-2021-4e4d-aec2-87150f9e2b03',38,NULL,'喜欢吃','意见反馈题，请根据实际反馈评分'),(344,'43999a1f-2021-4e4d-aec2-87150f9e2b03',39,NULL,'喜欢吃','意见反馈题，请根据实际反馈评分'),(345,'43999a1f-2021-4e4d-aec2-87150f9e2b03',40,NULL,'不喜欢吃','意见反馈题，请根据实际反馈评分'),(346,'43999a1f-2021-4e4d-aec2-87150f9e2b03',41,NULL,'喜欢吃','意见反馈题，请根据实际反馈评分'),(347,'43999a1f-2021-4e4d-aec2-87150f9e2b03',42,NULL,'喜欢吃','意见反馈题，请根据实际反馈评分'),(348,'43999a1f-2021-4e4d-aec2-87150f9e2b03',43,NULL,'不喜欢吃','意见反馈题，请根据实际反馈评分'),(349,'43999a1f-2021-4e4d-aec2-87150f9e2b03',44,NULL,'喜欢吃','意见反馈题，请根据实际反馈评分'),(350,'43999a1f-2021-4e4d-aec2-87150f9e2b03',45,NULL,'不喜欢吃','意见反馈题，请根据实际反馈评分'),(351,'43999a1f-2021-4e4d-aec2-87150f9e2b03',NULL,1,'男','2'),(352,'43999a1f-2021-4e4d-aec2-87150f9e2b03',NULL,2,'非常满意','5'),(353,'43999a1f-2021-4e4d-aec2-87150f9e2b03',NULL,3,'刚好','5'),(354,'43999a1f-2021-4e4d-aec2-87150f9e2b03',NULL,4,'刚好','5'),(355,'43999a1f-2021-4e4d-aec2-87150f9e2b03',NULL,5,'非常满意','5'),(356,'43999a1f-2021-4e4d-aec2-87150f9e2b03',NULL,6,'中辣','3'),(357,'43999a1f-2021-4e4d-aec2-87150f9e2b03',NULL,7,'做的很好，暂无意见！','意见反馈题，请根据实际反馈评分'),(358,'376848da-bdc9-454b-b988-0cec831cf13b',3,NULL,'喜欢吃','意见反馈题，请根据实际反馈评分'),(359,'376848da-bdc9-454b-b988-0cec831cf13b',4,NULL,'不喜欢吃','意见反馈题，请根据实际反馈评分'),(360,'376848da-bdc9-454b-b988-0cec831cf13b',5,NULL,'不喜欢吃','意见反馈题，请根据实际反馈评分'),(361,'376848da-bdc9-454b-b988-0cec831cf13b',6,NULL,'不喜欢吃','意见反馈题，请根据实际反馈评分'),(362,'376848da-bdc9-454b-b988-0cec831cf13b',7,NULL,'喜欢吃','意见反馈题，请根据实际反馈评分'),(363,'376848da-bdc9-454b-b988-0cec831cf13b',8,NULL,'不喜欢吃','意见反馈题，请根据实际反馈评分'),(364,'376848da-bdc9-454b-b988-0cec831cf13b',9,NULL,'喜欢吃','意见反馈题，请根据实际反馈评分'),(365,'376848da-bdc9-454b-b988-0cec831cf13b',10,NULL,'不喜欢吃','意见反馈题，请根据实际反馈评分'),(366,'376848da-bdc9-454b-b988-0cec831cf13b',11,NULL,'喜欢吃','意见反馈题，请根据实际反馈评分'),(367,'376848da-bdc9-454b-b988-0cec831cf13b',13,NULL,'喜欢吃','意见反馈题，请根据实际反馈评分'),(368,'376848da-bdc9-454b-b988-0cec831cf13b',14,NULL,'喜欢吃','意见反馈题，请根据实际反馈评分'),(369,'376848da-bdc9-454b-b988-0cec831cf13b',15,NULL,'喜欢吃','意见反馈题，请根据实际反馈评分'),(370,'376848da-bdc9-454b-b988-0cec831cf13b',16,NULL,'不喜欢吃','意见反馈题，请根据实际反馈评分'),(371,'376848da-bdc9-454b-b988-0cec831cf13b',17,NULL,'不喜欢吃','意见反馈题，请根据实际反馈评分'),(372,'376848da-bdc9-454b-b988-0cec831cf13b',18,NULL,'不喜欢吃','意见反馈题，请根据实际反馈评分'),(373,'376848da-bdc9-454b-b988-0cec831cf13b',19,NULL,'不喜欢吃','意见反馈题，请根据实际反馈评分'),(374,'376848da-bdc9-454b-b988-0cec831cf13b',20,NULL,'不喜欢吃','意见反馈题，请根据实际反馈评分'),(375,'376848da-bdc9-454b-b988-0cec831cf13b',21,NULL,'不喜欢吃','意见反馈题，请根据实际反馈评分'),(376,'376848da-bdc9-454b-b988-0cec831cf13b',24,NULL,'喜欢吃','意见反馈题，请根据实际反馈评分'),(377,'376848da-bdc9-454b-b988-0cec831cf13b',25,NULL,'喜欢吃','意见反馈题，请根据实际反馈评分'),(378,'376848da-bdc9-454b-b988-0cec831cf13b',26,NULL,'喜欢吃','意见反馈题，请根据实际反馈评分'),(379,'376848da-bdc9-454b-b988-0cec831cf13b',27,NULL,'不喜欢吃','意见反馈题，请根据实际反馈评分'),(380,'376848da-bdc9-454b-b988-0cec831cf13b',28,NULL,'不喜欢吃','意见反馈题，请根据实际反馈评分'),(381,'376848da-bdc9-454b-b988-0cec831cf13b',29,NULL,'不喜欢吃','意见反馈题，请根据实际反馈评分'),(382,'376848da-bdc9-454b-b988-0cec831cf13b',30,NULL,'不喜欢吃','意见反馈题，请根据实际反馈评分'),(383,'376848da-bdc9-454b-b988-0cec831cf13b',31,NULL,'喜欢吃','意见反馈题，请根据实际反馈评分'),(384,'376848da-bdc9-454b-b988-0cec831cf13b',32,NULL,'不喜欢吃','意见反馈题，请根据实际反馈评分'),(385,'376848da-bdc9-454b-b988-0cec831cf13b',33,NULL,'不喜欢吃','意见反馈题，请根据实际反馈评分'),(386,'376848da-bdc9-454b-b988-0cec831cf13b',35,NULL,'喜欢吃','意见反馈题，请根据实际反馈评分'),(387,'376848da-bdc9-454b-b988-0cec831cf13b',36,NULL,'不喜欢吃','意见反馈题，请根据实际反馈评分'),(388,'376848da-bdc9-454b-b988-0cec831cf13b',37,NULL,'喜欢吃','意见反馈题，请根据实际反馈评分'),(389,'376848da-bdc9-454b-b988-0cec831cf13b',38,NULL,'喜欢吃','意见反馈题，请根据实际反馈评分'),(390,'376848da-bdc9-454b-b988-0cec831cf13b',39,NULL,'喜欢吃','意见反馈题，请根据实际反馈评分'),(391,'376848da-bdc9-454b-b988-0cec831cf13b',40,NULL,'不喜欢吃','意见反馈题，请根据实际反馈评分'),(392,'376848da-bdc9-454b-b988-0cec831cf13b',41,NULL,'不喜欢吃','意见反馈题，请根据实际反馈评分'),(393,'376848da-bdc9-454b-b988-0cec831cf13b',42,NULL,'喜欢吃','意见反馈题，请根据实际反馈评分'),(394,'376848da-bdc9-454b-b988-0cec831cf13b',43,NULL,'喜欢吃','意见反馈题，请根据实际反馈评分'),(395,'376848da-bdc9-454b-b988-0cec831cf13b',44,NULL,'喜欢吃','意见反馈题，请根据实际反馈评分'),(396,'376848da-bdc9-454b-b988-0cec831cf13b',45,NULL,'不喜欢吃','意见反馈题，请根据实际反馈评分'),(397,'376848da-bdc9-454b-b988-0cec831cf13b',NULL,1,'男','2'),(398,'376848da-bdc9-454b-b988-0cec831cf13b',NULL,2,'满意','3'),(399,'376848da-bdc9-454b-b988-0cec831cf13b',NULL,3,'刚好','5'),(400,'376848da-bdc9-454b-b988-0cec831cf13b',NULL,4,'刚好','5'),(401,'376848da-bdc9-454b-b988-0cec831cf13b',NULL,5,'非常满意','5'),(402,'376848da-bdc9-454b-b988-0cec831cf13b',NULL,6,'中辣','3'),(403,'376848da-bdc9-454b-b988-0cec831cf13b',NULL,7,'做的很好，暂无意见！','意见反馈题，请根据实际反馈评分');

/*Table structure for table `problem` */

DROP TABLE IF EXISTS `problem`;

CREATE TABLE `problem` (
  `p_id` int(11) NOT NULL auto_increment COMMENT '题目ID',
  `p_content` varchar(200) default NULL COMMENT '问题内容',
  `p_module` int(11) default NULL COMMENT '所属模块0代表餐饮 1代表讲师 2代表班主任',
  PRIMARY KEY  (`p_id`),
  KEY `p_id` (`p_id`)
) ENGINE=InnoDB DEFAULT CHARSET=utf8;

/*Data for the table `problem` */

insert  into `problem`(`p_id`,`p_content`,`p_module`) values (1,'1、您的性别?',0),(2,'2、食品的味道?',0),(3,'3、菜的分量?',0),(4,'4、饭的分量?',0),(5,'5、食品的样式?',0),(6,'6、您对食品味道的期望?',0),(7,'7、您的其他建议或意见?',0),(8,'一、老师是早上和中午是否能做到准时上课？',1),(9,'二、老师上课时，上课案例，上课用具是否准备充分？',1),(10,'三、老师在课堂上是否针对性进行小结和回顾？',1),(11,'四、老师的技术能力是否满足该课程的教学要求？',1),(12,'五、老师上课时候理论知识，是否能做到思路清晰、重点突出？   ',1),(13,'六、老师上课时，是否经常和学员互动，提问题？',1),(14,'七、老师是否关注课堂纪律，及时纠正学生违纪行为？',1),(15,'八、老师是否很能及时，正确的解答问题？ ',1),(16,'九、老师是否适当布置作业，认真批改作业？',1),(17,'十、上机课，老师是否讲解目标并及时总结？ ',1),(18,'十一、上机课老师是否做到巡视全场，并给予学员指导？ ',1),(19,'十二、上机课老师是否关注你的上机进度，引导和解决问题？',1),(20,'十三、你感觉老师是否对班级很有责任心，很负责？',1),(21,'十四、通过学习，你对所学的这门课程是否感兴趣？  ',1),(22,'十五、你是否能跟上老师授课进度，并及时完成作业？',1),(23,'十六、每天的学习是否有明确学习目标，和上机任务',1),(24,'十七、你对老师授课方式有什么意见，建议或疑惑？',1),(25,'1、你对班级行为规范是否清楚？',2),(26,'2、你对班主任的印象如何？',2),(27,'3、你的班主任是否关心班级同学的思想、学习等方面？',2),(28,'4、你认为班主任每次开班会的目的是否明确？',2),(29,'5、你的班主任是否会经常找班级同学进行沟通交流？',2),(30,'6、在你遇到困难的时候你的班主任是否乐意提供帮助和指导？',2),(31,'7、你的班主任在教育学生的过程中，是否严以律己，以身作则？',2),(32,'8、你需要帮助是能给及时找到班主任老师吗？',2),(33,'9、你的班主任上的《班级行为规范课》、《职业素养课》等对你是否有帮助？',2),(34,'10、你的班主任是否尊重学生人格，公正平等的对待每一个学生？',2);

/*Table structure for table `teacherinfo` */

DROP TABLE IF EXISTS `teacherinfo`;

CREATE TABLE `teacherinfo` (
  `tea_id` int(11) NOT NULL auto_increment COMMENT '教员Id',
  `tea_name` varchar(20) default NULL COMMENT '教师名字',
  `tea_module` int(11) default NULL COMMENT '所属模块 1代表讲师 2代表班主任',
  PRIMARY KEY  (`tea_id`)
) ENGINE=InnoDB DEFAULT CHARSET=utf8;

/*Data for the table `teacherinfo` */

insert  into `teacherinfo`(`tea_id`,`tea_name`,`tea_module`) values (1,'吴佳峰',1),(2,'吴文杰',1),(3,'冼耀基',1),(4,'吴剑',1),(5,'周锐',1),(6,'焦尚姝',2),(7,'黄晓燕',2);

/*Table structure for table `vegetable` */

DROP TABLE IF EXISTS `vegetable`;

CREATE TABLE `vegetable` (
  `v_id` int(11) NOT NULL auto_increment COMMENT '菜品ID',
  `v_type` varchar(20) default NULL COMMENT '菜品类型',
  `v_name` varchar(50) default NULL COMMENT '菜品名称',
  `v_parent` int(11) default NULL COMMENT '菜品父模块',
  `v_level` int(11) default NULL COMMENT '菜品等级',
  PRIMARY KEY  (`v_id`)
) ENGINE=InnoDB DEFAULT CHARSET=utf8;

/*Data for the table `vegetable` */

insert  into `vegetable`(`v_id`,`v_type`,`v_name`,`v_parent`,`v_level`) values (1,'荤菜类','',0,1),(2,'猪肉类','肉',1,2),(3,'肉','香菇肉片',2,3),(4,'肉','粉蒸肉',2,3),(5,'肉','红烧肉',2,3),(6,'肉','小炒肉',2,3),(7,'肉','京酱肉丝',2,3),(8,'肉','木耳肉片',2,3),(9,'肉','青椒肉丝',2,3),(10,'肉','肉沫豆角',2,3),(11,'肉','豆角肉沫',2,3),(12,'鸡鸭鱼类','鸡鸭鱼',1,2),(13,'鸡鸭鱼','香芋焖鸡',12,3),(14,'鸡鸭鱼','卤水鸭',12,3),(15,'鸡鸭鱼','香菇鸡块',12,3),(16,'鸡鸭鱼','红烧鸡',12,3),(17,'鸡鸭鱼','香酥鸡',12,3),(18,'鸡鸭鱼','辣子鸡',12,3),(19,'鸡鸭鱼','粉蒸鱼',12,3),(20,'鸡鸭鱼','卤水鸭',12,3),(21,'鸡鸭鱼','卤鸭腿',12,3),(22,'素菜类','素菜',0,1),(23,'青瓜及其他','青瓜',22,2),(24,'青瓜','青瓜肉丝',23,3),(25,'青瓜','青瓜炒肉',23,3),(26,'青瓜','青瓜炒蛋',23,3),(27,'青瓜','麻婆豆腐',23,3),(28,'青瓜','剁椒鱼头',23,3),(29,'青瓜','蚂蚁上树',23,3),(30,'青瓜','虎皮尖椒',23,3),(31,'青瓜','香辣青瓜',23,3),(32,'青瓜','醋溜白菜',23,3),(33,'青瓜','西芹云耳',23,3),(34,'土豆及其他','土豆',22,2),(35,'土豆','青椒土豆丝',34,3),(36,'土豆','蒜蓉生菜',34,3),(37,'土豆','香辣土豆丝',34,3),(38,'土豆','青菜',34,3),(39,'土豆','酸辣土豆丝',34,3),(40,'土豆','苦瓜炒蛋',34,3),(41,'土豆','茄汁土豆条',34,3),(42,'土豆','番茄炒蛋',34,3),(43,'土豆','木耳油豆腐',34,3),(44,'土豆','炝炒绿豆芽',34,3),(45,'土豆','凉拌海带丝',34,3);

/*!40101 SET SQL_MODE=@OLD_SQL_MODE */;
/*!40014 SET FOREIGN_KEY_CHECKS=@OLD_FOREIGN_KEY_CHECKS */;
/*!40014 SET UNIQUE_CHECKS=@OLD_UNIQUE_CHECKS */;
/*!40111 SET SQL_NOTES=@OLD_SQL_NOTES */;
